genus,family
Anemia,Anemiaceae
Asplenium,Aspleniaceae
Hymenasplenium,Aspleniaceae
Anisocampium,Athyriaceae
Athyrium,Athyriaceae
Cornopteris,Athyriaceae
Deparia,Athyriaceae
Diplazium,Athyriaceae
Pseudathyrium,Athyriaceae
Ephemeropteris,Athyriaceae
Anchistea,Blechnaceae
Austroblechnum,Blechnaceae
Blechnidium,Blechnaceae
Blechnopsis,Blechnaceae
Blechnum,Blechnaceae
Brainea,Blechnaceae
Cranfillia,Blechnaceae
Diploblechnum,Blechnaceae
Doodia,Blechnaceae
Lomaria,Blechnaceae
Lomaridium,Blechnaceae
Lomariocycas,Blechnaceae
Lorinseria,Blechnaceae
Neoblechnum,Blechnaceae
Oceaniopteris,Blechnaceae
Parablechnum,Blechnaceae
Sadleria,Blechnaceae
Salpichlaena,Blechnaceae
Spicantopsis,Blechnaceae
Stenochlaena,Blechnaceae
Struthiopteris,Blechnaceae
Telmatoblechnum,Blechnaceae
Woodwardia,Blechnaceae
Cleistoblechnum,Blechnaceae
Icarus,Blechnaceae
Cibotium,Cibotiaceae
Culcita,Culcitaceae
Alsophila,Cyatheaceae
Cyathea,Cyatheaceae
Sphaeropteris,Cyatheaceae
Acystopteris,Cystopteridaceae
Cystopteris,Cystopteridaceae
Gymnocarpium,Cystopteridaceae
Davallia,Davalliaceae
Blotiella,Dennstaedtiaceae
Dennstaedtia,Dennstaedtiaceae
Histiopteris,Dennstaedtiaceae
Hypolepis,Dennstaedtiaceae
Leptolepia,Dennstaedtiaceae
Microlepia,Dennstaedtiaceae
Monachosorum,Dennstaedtiaceae
Oenotrichia,Dennstaedtiaceae
Paesia,Dennstaedtiaceae
Pteridium,Dennstaedtiaceae
Hiya,Dennstaedtiaceae
Calochlaena,Dicksoniaceae
Dicksonia,Dicksoniaceae
Lophosoria,Dicksoniaceae
Diplaziopsis,Diplaziopsidaceae
Cheiropleuria,Dipteridaceae
Dipteris,Dipteridaceae
Mickelia,Dryopteridaceae
Arachniodes,Dryopteridaceae
Arthrobotrya,Dryopteridaceae
Atalopteris,Dryopteridaceae
Bolbitis,Dryopteridaceae
Ctenitis,Dryopteridaceae
Cyclodium,Dryopteridaceae
Cyrtomium,Dryopteridaceae
Dryopteris,Dryopteridaceae
Dryostichum,Dryopteridaceae
Elaphoglossum,Dryopteridaceae
Lastreopsis,Dryopteridaceae
Lomagramma,Dryopteridaceae
Maxonia,Dryopteridaceae
Megalastrum,Dryopteridaceae
Olfersia,Dryopteridaceae
Parapolystichum,Dryopteridaceae
Phanerophlebia,Dryopteridaceae
Polybotrya,Dryopteridaceae
Polystichopsis,Dryopteridaceae
Polystichum,Dryopteridaceae
Rumohra,Dryopteridaceae
Stigmatopteris,Dryopteridaceae
Teratophyllum,Dryopteridaceae
Trichoneuron,Dryopteridaceae
Equisetum,Equisetaceae
Dicranopteris,Gleicheniaceae
Diplopterygium,Gleicheniaceae
Gleichenella,Gleicheniaceae
Gleichenia,Gleicheniaceae
Sticherus,Gleicheniaceae
Stromatopteris,Gleicheniaceae
Rouxopteris,Gleicheniaceae
Abrodictyum,Hymenophyllaceae
Callistopteris,Hymenophyllaceae
Cephalomanes,Hymenophyllaceae
Crepidomanes,Hymenophyllaceae
Didymoglossum,Hymenophyllaceae
Hymenophyllum,Hymenophyllaceae
Polyphlebium,Hymenophyllaceae
Trichomanes,Hymenophyllaceae
Vandenboschia,Hymenophyllaceae
Hypodematium,Hypodematiaceae
Leucostegia,Hypodematiaceae
Isoetes,Isoetaceae
Lindsaea,Lindsaeaceae
Nesolindsaea,Lindsaeaceae
Odontosoria,Lindsaeaceae
Osmolindsaea,Lindsaeaceae
Sphenomeris,Lindsaeaceae
Tapeinidium,Lindsaeaceae
Xyropteris,Lindsaeaceae
Cyclopeltis,Lomariopsidaceae
Lomariopsis,Lomariopsidaceae
Loxsoma,Loxsomataceae
Loxsomopsis,Loxsomataceae
Austrolycopodium,Lycopodiaceae
Dendrolycopodium,Lycopodiaceae
Diphasiastrum,Lycopodiaceae
Diphasium,Lycopodiaceae
Huperzia,Lycopodiaceae
Lateristachys,Lycopodiaceae
Lycopodiastrum,Lycopodiaceae
Lycopodiella,Lycopodiaceae
Lycopodium,Lycopodiaceae
Palhinhaea,Lycopodiaceae
Phlegmariurus,Lycopodiaceae
Phylloglossum,Lycopodiaceae
Pseudodiphasium,Lycopodiaceae
Pseudolycopodiella,Lycopodiaceae
Pseudolycopodium,Lycopodiaceae
Spinulum,Lycopodiaceae
Lygodium,Lygodiaceae
Angiopteris,Marattiaceae
Christensenia,Marattiaceae
Danaea,Marattiaceae
Eupodium,Marattiaceae
Marattia,Marattiaceae
Ptisana,Marattiaceae
Marsilea,Marsileaceae
Pilularia,Marsileaceae
Regnellidium,Marsileaceae
Matonia,Matoniaceae
Phanerosorus,Matoniaceae
Metaxya,Metaxyaceae
Nephrolepis,Nephrolepidaceae
Oleandra,Oleandraceae
Matteuccia,Onocleaceae
Onoclea,Onocleaceae
Onocleopsis,Onocleaceae
Pentarhizidium,Onocleaceae
Botrychium,Ophioglossaceae
Botrypus,Ophioglossaceae
Cheiroglossa,Ophioglossaceae
Helminthostachys,Ophioglossaceae
Japanobotrychum,Ophioglossaceae
Mankyua,Ophioglossaceae
Ophioderma,Ophioglossaceae
Ophioglossum,Ophioglossaceae
Rhizoglossum,Ophioglossaceae
Sceptridium,Ophioglossaceae
Sahashia,Ophioglossaceae
Leptopteris,Osmundaceae
Osmunda,Osmundaceae
Osmundastrum,Osmundaceae
Plenasium,Osmundaceae
Todea,Osmundaceae
Claytosmunda,Osmundaceae
Plagiogyria,Plagiogyriaceae
Acrosorus,Polypodiaceae
Adenophorus,Polypodiaceae
Adetogramma,Polypodiaceae
Aglaomorpha,Polypodiaceae
Alansmia,Polypodiaceae
Archigrammitis,Polypodiaceae
Ascogrammitis,Polypodiaceae
Calymmodon,Polypodiaceae
Campyloneurum,Polypodiaceae
Ceradenia,Polypodiaceae
Chrysogrammitis,Polypodiaceae
Cochlidium,Polypodiaceae
Ctenopterella,Polypodiaceae
Dasygrammitis,Polypodiaceae
Dendroconche,Polypodiaceae
Dictymia,Polypodiaceae
Enterosora,Polypodiaceae
Galactodenia,Polypodiaceae
Goniophlebium,Polypodiaceae
Grammitis,Polypodiaceae
Gymnogrammitis,Polypodiaceae
Lecanopteris,Polypodiaceae
Lellingeria,Polypodiaceae
Lepisorus,Polypodiaceae
Leptochilus,Polypodiaceae
Leucotrichum,Polypodiaceae
Lomaphlebia,Polypodiaceae
Loxogramme,Polypodiaceae
Luisma,Polypodiaceae
Melpomene,Polypodiaceae
Microgramma,Polypodiaceae
Micropolypodium,Polypodiaceae
Microsorum,Polypodiaceae
Moranopteris,Polypodiaceae
Mycopteris,Polypodiaceae
Niphidium,Polypodiaceae
Oreogrammitis,Polypodiaceae
Pecluma,Polypodiaceae
Phlebodium,Polypodiaceae
Pichisermollodes,Polypodiaceae
Platycerium,Polypodiaceae
Pleopeltis,Polypodiaceae
Pleurosoriopsis,Polypodiaceae
Podosorus,Polypodiaceae
Polypodium,Polypodiaceae
Prosaptia,Polypodiaceae
Pyrrosia,Polypodiaceae
Scleroglossum,Polypodiaceae
Selliguea,Polypodiaceae
Serpocaulon,Polypodiaceae
Stenogrammitis,Polypodiaceae
Synammia,Polypodiaceae
Terpsichore,Polypodiaceae
Thylacopteris,Polypodiaceae
Tomophyllum,Polypodiaceae
Xiphopterella,Polypodiaceae
Bosmania,Polypodiaceae
Hovenkampia,Polypodiaceae
Zealandia,Polypodiaceae
Notogrammitis,Polypodiaceae
Parrisia,Polypodiaceae
Phlebosia,Polypodiaceae
Sellimeris,Polypodiaceae
Psilotum,Psilotaceae
Tmesipteris,Psilotaceae
Acrostichum,Pteridaceae
Actiniopteris,Pteridaceae
Adiantopsis,Pteridaceae
Adiantum,Pteridaceae
Aleuritopteris,Pteridaceae
Ananthacorus,Pteridaceae
Anogramma,Pteridaceae
Antrophyum,Pteridaceae
Argyrochosma,Pteridaceae
Aspidotis,Pteridaceae
Astrolepis,Pteridaceae
Austrogramme,Pteridaceae
Bommeria,Pteridaceae
Calciphilopteris,Pteridaceae
Ceratopteris,Pteridaceae
Cerosora,Pteridaceae
Cheilanthes,Pteridaceae
Cheiloplecton,Pteridaceae
Coniogramme,Pteridaceae
Cosentinia,Pteridaceae
Cryptogramma,Pteridaceae
Doryopteris,Pteridaceae
Gaga,Pteridaceae
Haplopteris,Pteridaceae
Hecistopteris,Pteridaceae
Hemionitis,Pteridaceae
Jamesonia,Pteridaceae
Llavea,Pteridaceae
Mildella,Pteridaceae
Myriopteris,Pteridaceae
Notholaena,Pteridaceae
Oeosporangium,Pteridaceae
Onychium,Pteridaceae
Ormopteris,Pteridaceae
Pellaea,Pteridaceae
Pentagramma,Pteridaceae
Pityrogramma,Pteridaceae
Polytaenium,Pteridaceae
Pteris,Pteridaceae
Pterozonium,Pteridaceae
Radiovittaria,Pteridaceae
Rheopteris,Pteridaceae
Scoliosorus,Pteridaceae
Syngramma,Pteridaceae
Taenitis,Pteridaceae
Trachypteris,Pteridaceae
Tryonia,Pteridaceae
Vaginularia,Pteridaceae
Vittaria,Pteridaceae
Antrophyopsis,Pteridaceae
Gastoniella,Pteridaceae
Lytoneuron,Pteridaceae
Mickelopteris,Pteridaceae
Paragymnopteris,Pteridaceae
Baja,Pteridaceae
Rhachidosorus,Rhachidosoraceae
Orthiopteris,Saccolomataceae
Saccoloma,Saccolomataceae
Azolla,Salviniaceae
Salvinia,Salviniaceae
Actinostachys,Schizaeaceae
Schizaea,Schizaeaceae
Selaginella,Selaginellaceae
Arthropteris,Tectariaceae
Hypoderris,Tectariaceae
Malaifilix,Tectariaceae
Polydictyum,Tectariaceae
Pteridrys,Tectariaceae
Tectaria,Tectariaceae
Triplophyllum,Tectariaceae
Draconopteris,Tectariaceae
Amauropelta,Thelypteridaceae
Amblovenatum,Thelypteridaceae
Ampelopteris,Thelypteridaceae
Chingia,Thelypteridaceae
Chrinephrium,Thelypteridaceae
Chrismatopteris,Thelypteridaceae
Christella,Thelypteridaceae
Coryphopteris,Thelypteridaceae
Cyclogramma,Thelypteridaceae
Cyclosorus,Thelypteridaceae
Glaphyropteridopsis,Thelypteridaceae
Goniopteris,Thelypteridaceae
Macrothelypteris,Thelypteridaceae
Meniscium,Thelypteridaceae
Menisorus,Thelypteridaceae
Mesophlebion,Thelypteridaceae
Mesopteris,Thelypteridaceae
Metathelypteris,Thelypteridaceae
Nannothelypteris,Thelypteridaceae
Oreopteris,Thelypteridaceae
Parathelypteris,Thelypteridaceae
Phegopteris,Thelypteridaceae
Plesioneuron,Thelypteridaceae
Pneumatopteris,Thelypteridaceae
Pronephrium,Thelypteridaceae
Pseudocyclosorus,Thelypteridaceae
Sphaerostephanos,Thelypteridaceae
Stegnogramma,Thelypteridaceae
Steiropteris,Thelypteridaceae
Thelypteris,Thelypteridaceae
Trigonospora,Thelypteridaceae
Thyrsopteris,Thyrsopteridaceae
Physematium,Woodsiaceae
Woodsia,Woodsiaceae
Woodsimatium,Woodsiaceae
Cystodium,Cystodiaceae
Desmophlebium,Desmophlebiaceae
Didymochlaena,Didymochlaenaceae
Homalosorus,Diplaziopsidaceae
Cyclobotrya,Dryopteridaceae
Pleocnemia,Dryopteridaceae
Hemidictyum,Hemidictyaceae
Lindsaeosoria,Lindsaeaceae
Dracoglossum,Lomariopsidaceae
Dryopolystichum,Lomariopsidaceae
Lonchitis,Lonchitidaceae
Aneimiaebotrys,Anemiaceae
Anemidictyon,Anemiaceae
Anemidictyum,Anemiaceae
Anemirhiza,Anemiaceae
Colina,Anemiaceae
Cryptophyllum,Anemiaceae
Hemianemia,Anemiaceae
Mohria,Anemiaceae
Spathepteris,Anemiaceae
Trochopteris,Anemiaceae
Acropteris,Aspleniaceae
Amesium,Aspleniaceae
Antigramma,Aspleniaceae
Arcasplenium,Aspleniaceae
Asplenidictyum,Aspleniaceae
Asplenoceterach,Aspleniaceae
Asplenophyllitis,Aspleniaceae
Asplenosorus,Aspleniaceae
Biropteris,Aspleniaceae
Boniniella,Aspleniaceae
Caenopteris,Aspleniaceae
Camptosorus,Aspleniaceae
Ceterac,Aspleniaceae
Ceterach,Aspleniaceae
Ceterachopsis,Aspleniaceae
Ceterophyllitis,Aspleniaceae
Chamaefilix,Aspleniaceae
Darea,Aspleniaceae
Diellia,Aspleniaceae
Diplora,Aspleniaceae
Eremopodium,Aspleniaceae
Glossopteris,Aspleniaceae
Holodictyum,Aspleniaceae
Loxoscaphe,Aspleniaceae
Micropodium,Aspleniaceae
Neottopteris,Aspleniaceae
Notolepeum,Aspleniaceae
Phyllitis,Aspleniaceae
Phyllitopsis,Aspleniaceae
Pleurosorus,Aspleniaceae
Rutamuraria,Aspleniaceae
Schaffneria,Aspleniaceae
Scolopendrium,Aspleniaceae
Sinephropteris,Aspleniaceae
Stormesia,Aspleniaceae
Tarachia,Aspleniaceae
Thamnopteris,Aspleniaceae
Triphlebium,Aspleniaceae
Allantodia,Athyriaceae
Anisogonium,Athyriaceae
Athyriopsis,Athyriaceae
Brachysorus,Athyriaceae
Callipteris,Athyriaceae
Cystoathyrium,Athyriaceae
Dictyodroma,Athyriaceae
Digrammaria,Athyriaceae
Dryoathyrium,Athyriaceae
Hypochlamys,Athyriaceae
Kuniwatsukia,Athyriaceae
Lotzea,Athyriaceae
Lunathyrium,Athyriaceae
Monomelangium,Athyriaceae
Neoathyrium,Athyriaceae
Neotriblemma,Athyriaceae
Ochlogramma,Athyriaceae
Oligocampia,Athyriaceae
Oxygonium,Athyriaceae
Parathyrium,Athyriaceae
Pseudocystopteris,Athyriaceae
Pteriglyphis,Athyriaceae
Triblemma,Athyriaceae
Blechnopteris,Blechnaceae
Chieniopteris,Blechnaceae
Distaxia,Blechnaceae
Homophyllum,Blechnaceae
Lomariobotrys,Blechnaceae
Lonchitis-Aspera,Blechnaceae
Lonchitis-aspera,Blechnaceae
Mesothema,Blechnaceae
Orthogramma,Blechnaceae
Pteridoblechnum,Blechnaceae
Spicanta,Blechnaceae
Steenisioblechnum,Blechnaceae
Stegania,Blechnaceae
Oceanopteris,Blechnaceae
Pinonia,Cibotiaceae
Actinophlebia,Cyatheaceae
Amphicosmia,Cyatheaceae
Chnoophora,Cyatheaceae
Cnemidaria,Cyatheaceae
Cormiophyllum,Cyatheaceae
Cormophyllum,Cyatheaceae
Cyathidaria,Cyatheaceae
Dichorexia,Cyatheaceae
Dicranophlebia,Cyatheaceae
Disphenia,Cyatheaceae
Eatoniopteris,Cyatheaceae
Gymnopremnon,Cyatheaceae
Gymnosphaera,Cyatheaceae
Halophlebia,Cyatheaceae
Hemistegia,Cyatheaceae
Hemitelia,Cyatheaceae
Hymenophyllopsis,Cyatheaceae
Microstegnus,Cyatheaceae
Nephelea,Cyatheaceae
Schizocaena,Cyatheaceae
Thysanobotrya,Cyatheaceae
Trachypremnon,Cyatheaceae
Trichipteris,Cyatheaceae
Trichopteris,Cyatheaceae
Carpogymnia,Cystopteridaceae
Currania,Cystopteridaceae
Cyclopteris,Cystopteridaceae
Cyste,Cystopteridaceae
Cystea,Cystopteridaceae
Filicula,Cystopteridaceae
Rhizomatopteris,Cystopteridaceae
Araiostegia,Davalliaceae
Araiostegiella,Davalliaceae
Davallodes,Davalliaceae
Humata,Davalliaceae
Pachypleuria,Davalliaceae
Paradavallodes,Davalliaceae
Parasorus,Davalliaceae
Parestia,Davalliaceae
Pteroneura,Davalliaceae
Pteronevron,Davalliaceae
Scyphularia,Davalliaceae
Stenochlamys,Davalliaceae
Stenolobus,Davalliaceae
Trogostolon,Davalliaceae
Adectum,Dennstaedtiaceae
Anisosorus,Dennstaedtiaceae
Compteris,Dennstaedtiaceae
Coptidipteris,Dennstaedtiaceae
Costaricia,Dennstaedtiaceae
Emodiopteris,Dennstaedtiaceae
Eupteris,Dennstaedtiaceae
Filix-Foemina,Dennstaedtiaceae
Filix-foemina,Dennstaedtiaceae
Fuziifilix,Dennstaedtiaceae
Lepidocaulon,Dennstaedtiaceae
Lindsaynium,Dennstaedtiaceae
Litolobium,Dennstaedtiaceae
Monachosorella,Dennstaedtiaceae
Paradennstaedtia,Dennstaedtiaceae
Patania,Dennstaedtiaceae
Ptilopteris,Dennstaedtiaceae
Scyphofilix,Dennstaedtiaceae
Scypholepia,Dennstaedtiaceae
Scyphopteris,Dennstaedtiaceae
Sitobolium,Dennstaedtiaceae
Sitolobium,Dennstaedtiaceae
Balantium,Dicksoniaceae
Trichosorus,Dicksoniaceae
Aconiopteris,Dryopteridaceae
Acropelta,Dryopteridaceae
Acrophorus,Dryopteridaceae
Acrorumohra,Dryopteridaceae
Adenoderris,Dryopteridaceae
Aetopteron,Dryopteridaceae
Amblia,Dryopteridaceae
Anapausia,Dryopteridaceae
Arthrobotrys,Dryopteridaceae
Ataxipteris,Dryopteridaceae
Botryothallus,Dryopteridaceae
Byrsopteris,Dryopteridaceae
Campium,Dryopteridaceae
Cheiloepton,Dryopteridaceae
Cheilolepton,Dryopteridaceae
Coveniella,Dryopteridaceae
Cyrtogonellum,Dryopteridaceae
Cyrtogonium,Dryopteridaceae
Cyrtomidictyum,Dryopteridaceae
Diacalpe,Dryopteridaceae
Dichasium,Dryopteridaceae
Diclisodon,Dryopteridaceae
Dictyoglossum,Dryopteridaceae
Dorcapteris,Dryopteridaceae
Dryopsis,Dryopteridaceae
Edanyoa,Dryopteridaceae
Egenolfia,Dryopteridaceae
Filix-Mas,Dryopteridaceae
Filix-mas,Dryopteridaceae
Hemesteum,Dryopteridaceae
Heteroneurum,Dryopteridaceae
Hymenodium,Dryopteridaceae
Hypopeltis,Dryopteridaceae
Lacaussadea,Dryopteridaceae
Leptoarachniodes,Dryopteridaceae
Leptorumohra,Dryopteridaceae
Lithostegia,Dryopteridaceae
Lophodium,Dryopteridaceae
Microstaphyla,Dryopteridaceae
Nephrodium,Dryopteridaceae
Nothoperanema,Dryopteridaceae
Papuapteris,Dryopteridaceae
Peltapteris,Dryopteridaceae
Peltochlaena,Dryopteridaceae
Peranema,Dryopteridaceae
Phanerophlebiopsis,Dryopteridaceae
Plecosorus,Dryopteridaceae
Poecilopteris,Dryopteridaceae
Polysticalpe,Dryopteridaceae
Pycnopteris,Dryopteridaceae
Revwattsia,Dryopteridaceae
Rhipidopteris,Dryopteridaceae
Sorolepidium,Dryopteridaceae
Soromanes,Dryopteridaceae
Stenolepia,Dryopteridaceae
Allostelites,Equisetaceae
Hippochaete,Equisetaceae
Acropterygium,Gleicheniaceae
Calymella,Gleicheniaceae
Gleicheniastrum,Gleicheniaceae
Hicriopteris,Gleicheniaceae
Mesosorus,Gleicheniaceae
Platyzoma,Gleicheniaceae
Amphipterum,Hymenophyllaceae
Apteropteris,Hymenophyllaceae
Buesia,Hymenophyllaceae
Cardiomanes,Hymenophyllaceae
Craspedoneuron,Hymenophyllaceae
Craspedophyllum,Hymenophyllaceae
Crepidophyllum,Hymenophyllaceae
Crepidopteris,Hymenophyllaceae
Davalliopsis,Hymenophyllaceae
Dermatophlebium,Hymenophyllaceae
Diploophyllum,Hymenophyllaceae
Feea,Hymenophyllaceae
Gonocormus,Hymenophyllaceae
Hemicyatheon,Hymenophyllaceae
Hemiphlebium,Hymenophyllaceae
Homoeotes,Hymenophyllaceae
Hymenoglossum,Hymenophyllaceae
Hymenostachys,Hymenophyllaceae
Lacostea,Hymenophyllaceae
Lacosteopsis,Hymenophyllaceae
Lecanolepis,Hymenophyllaceae
Leptocionium,Hymenophyllaceae
Leucomanes,Hymenophyllaceae
Macroglena,Hymenophyllaceae
Maschalosorus,Hymenophyllaceae
Mecodium,Hymenophyllaceae
Meringium,Hymenophyllaceae
Microgonium,Hymenophyllaceae
Microtrichomanes,Hymenophyllaceae
Mortoniopteris,Hymenophyllaceae
Myriodon,Hymenophyllaceae
Myrmecostylum,Hymenophyllaceae
Nesopteris,Hymenophyllaceae
Neuromanes,Hymenophyllaceae
Neurophyllum,Hymenophyllaceae
Odontomanes,Hymenophyllaceae
Phlebiophyllum,Hymenophyllaceae
Pleuromanes,Hymenophyllaceae
Pteromanes,Hymenophyllaceae
Ptilophyllum,Hymenophyllaceae
Ptychomanes,Hymenophyllaceae
Ptychophyllum,Hymenophyllaceae
Pyxidaria,Hymenophyllaceae
Ragatelus,Hymenophyllaceae
Reediella,Hymenophyllaceae
Rosenstockia,Hymenophyllaceae
Selenodesmium,Hymenophyllaceae
Serpyllopsis,Hymenophyllaceae
Sphaerocionium,Hymenophyllaceae
Taschneria,Hymenophyllaceae
Trigonophyllum,Hymenophyllaceae
Achomanes,Hymenophyllaceae
Habrodictyon,Hymenophyllaceae
Pseudomecodium,Hymenophyllaceae
Selanodesmium,Hymenophyllaceae
Monochlaena,Hypodematiaceae
Tegularia,Hypodematiaceae
Calamaria,Isoetaceae
Cephaloceraton,Isoetaceae
Isoetella,Isoetaceae
Stylites,Isoetaceae
Guerinia,Lindsaeaceae
Humblotiella,Lindsaeaceae
Isoloma,Lindsaeaceae
Lindsaenium,Lindsaeaceae
Lindsaeopsis,Lindsaeaceae
Lindsayopsis,Lindsaeaceae
Odontoloma,Lindsaeaceae
Ormoloma,Lindsaeaceae
Protolindsaya,Lindsaeaceae
Sambirania,Lindsaeaceae
Schizolegnia,Lindsaeaceae
Schizoloma,Lindsaeaceae
Stenoloma,Lindsaeaceae
Synaphlebium,Lindsaeaceae
Hemicardion,Lomariopsidaceae
Heteronevron,Lomariopsidaceae
Thysanosoria,Lomariopsidaceae
Antiosorus,Lonchitidaceae
Copodium,Lycopodiaceae
Lepidotis,Lycopodiaceae
Lycopodiodes,Lycopodiaceae
Plananthus,Lycopodiaceae
Urostachys,Lycopodiaceae
Cteisium,Lygodiaceae
Gisopteris,Lygodiaceae
Hugona,Lygodiaceae
Hydroglossum,Lygodiaceae
Lygodictyon,Lygodiaceae
Odontopteris,Lygodiaceae
Ramondia,Lygodiaceae
Ugena,Lygodiaceae
Vallifilix,Lygodiaceae
Archangiopteris,Marattiaceae
Danaeopsis,Marattiaceae
Discostegia,Marattiaceae
Heterodanaea,Marattiaceae
Kaulfussia,Marattiaceae
Macroglossum,Marattiaceae
Myriotheca,Marattiaceae
Protangiopteris,Marattiaceae
Protomarattia,Marattiaceae
Psilodochea,Marattiaceae
Stibasia,Marattiaceae
Calamistrum,Marsileaceae
Lemma,Marsileaceae
Spheroidea,Marsileaceae
Zalusianskya,Marsileaceae
Zaluzianskia,Marsileaceae
Prionopteris,Matoniaceae
Amphidesmium,Metaxyaceae
Lepidoneuron,Nephrolepidaceae
Leptopleuron,Nephrolepidaceae
Lindsayoides,Nephrolepidaceae
Lepidonevron,Oleandraceae
Neuronia,Oleandraceae
Ophiopteris,Oleandraceae
Calypterium,Onocleaceae
Pteretis,Onocleaceae
Pterilis,Onocleaceae
Pterinodes,Onocleaceae
Ragiopteris,Onocleaceae
Riediea,Onocleaceae
Botryopteris,Ophioglossaceae
Japanobotrychium,Ophioglossaceae
Lunularia,Ophioglossaceae
Ophiala,Ophioglossaceae
Osmundopteris,Ophioglossaceae
Aphyllocalpa,Osmundaceae
Struthopteris,Osmundaceae
Aglaonaria,Polypodiaceae
Alcicornium,Polypodiaceae
Amphoradenium,Polypodiaceae
Anapeltis,Polypodiaceae
Anarthropteris,Polypodiaceae
Anaxetum,Polypodiaceae
Apalophlebia,Polypodiaceae
Arthromeris,Polypodiaceae
Belvisia,Polypodiaceae
Campylogramma,Polypodiaceae
Caobangia,Polypodiaceae
Cheilogramma,Polypodiaceae
Cheilogramme,Polypodiaceae
Cheiropteris,Polypodiaceae
Chilopteris,Polypodiaceae
Christiopteris,Polypodiaceae
Christopteris,Polypodiaceae
Chrysopteris,Polypodiaceae
Colysis,Polypodiaceae
Craspedaria,Polypodiaceae
Crypsinopsis,Polypodiaceae
Crypsinus,Polypodiaceae
Cryptosorus,Polypodiaceae
Ctenopteris,Polypodiaceae
Cyclophorus,Polypodiaceae
Cyrtophlebium,Polypodiaceae
Dendroglossa,Polypodiaceae
Diblemma,Polypodiaceae
Dicranoglossum,Polypodiaceae
Drymoglossum,Polypodiaceae
Drymotaenium,Polypodiaceae
Drynaria,Polypodiaceae
Drynariopsis,Polypodiaceae
Dryostachyum,Polypodiaceae
Epidryopteris,Polypodiaceae
Eschatogramme,Polypodiaceae
Galeoglossa,Polypodiaceae
Glyphotaenium,Polypodiaceae
Grammatopteridium,Polypodiaceae
Grammatopteris,Polypodiaceae
Gyrosorium,Polypodiaceae
Hemistachyum,Polypodiaceae
Himalayopteris,Polypodiaceae
Holcosorus,Polypodiaceae
Holostachyum,Polypodiaceae
Hyalolepis,Polypodiaceae
Hyalotricha,Polypodiaceae
Hyalotrichopteris,Polypodiaceae
Kaulinia,Polypodiaceae
Kontumia,Polypodiaceae
Lemmaphyllum,Polypodiaceae
Lepicystis,Polypodiaceae
Lepidogrammitis,Polypodiaceae
Lepidomicrosorium,Polypodiaceae
Macroplethus,Polypodiaceae
Marginaria,Polypodiaceae
Marginariopsis,Polypodiaceae
Mecosorus,Polypodiaceae
Merinthosorus,Polypodiaceae
Metapolypodium,Polypodiaceae
Microferus,Polypodiaceae
Microphlebodium,Polypodiaceae
Micropteris,Polypodiaceae
Microsorium,Polypodiaceae
Microterus,Polypodiaceae
Myrmecopteris,Polypodiaceae
Myuropteris,Polypodiaceae
Nematopteris,Polypodiaceae
Neocheiropteris,Polypodiaceae
Neolepisorus,Polypodiaceae
Neoniphopsis,Polypodiaceae
Neurodium,Polypodiaceae
Neuroplatyceros,Polypodiaceae
Nevrodium,Polypodiaceae
Niphobolus,Polypodiaceae
Niphopsis,Polypodiaceae
Nistarika,Polypodiaceae
Oleandropsis,Polypodiaceae
Paltonium,Polypodiaceae
Paragramma,Polypodiaceae
Paraleptochilus,Polypodiaceae
Paraselliguea,Polypodiaceae
Pessopteris,Polypodiaceae
Photinopteris,Polypodiaceae
Phymatodes,Polypodiaceae
Phymatopsis,Polypodiaceae
Phymatopteris,Polypodiaceae
Phymatosorus,Polypodiaceae
Platygyria,Polypodiaceae
Plectopteris,Polypodiaceae
Pleopodium,Polypodiaceae
Pleuridium,Polypodiaceae
Pleurogonium,Polypodiaceae
Pleurogramme,Polypodiaceae
Polycampium,Polypodiaceae
Polypodiastrum,Polypodiaceae
Polypodiodes,Polypodiaceae
Polypodioides,Polypodiaceae
Polypodiopsis,Polypodiaceae
Polypodiopteris,Polypodiaceae
Pseudocolysis,Polypodiaceae
Pseudodrynaria,Polypodiaceae
Psygmium,Polypodiaceae
Pteropsis,Polypodiaceae
Pycnoloma,Polypodiaceae
Radiogrammitis,Polypodiaceae
Rhizophyllum,Polypodiaceae
Saxiglossum,Polypodiaceae
Schellolepis,Polypodiaceae
Scyopteris,Polypodiaceae
Scytopteris,Polypodiaceae
Solanopteris,Polypodiaceae
Sphaerostichum,Polypodiaceae
Stenofilix,Polypodiaceae
Thayeria,Polypodiaceae
Themelium,Polypodiaceae
Tricholepidium,Polypodiaceae
Weatherbya,Polypodiaceae
Xiphopteris,Polypodiaceae
Zygadenia,Polypodiaceae
Zygophlebia,Polypodiaceae
Tristeca,Psilotaceae
Adenogramme,Pteridaceae
Adianthum,Pteridaceae
Afropteris,Pteridaceae
Allosorus,Pteridaceae
Anetium,Pteridaceae
Anopteris,Pteridaceae
Aropteris,Pteridaceae
Aspleniopsis,Pteridaceae
Bakeropteris,Pteridaceae
Botryogramme,Pteridaceae
Callogramme,Pteridaceae
Calomelanos,Pteridaceae
Campteria,Pteridaceae
Cassebeera,Pteridaceae
Ceratodactylis,Pteridaceae
Ceropteris,Pteridaceae
Cheilosoria,Pteridaceae
Choristosoria,Pteridaceae
Chrysochosma,Pteridaceae
Chrysodium,Pteridaceae
Coniodictyogramme,Pteridaceae
Copelandiopteris,Pteridaceae
Craspedodictyum,Pteridaceae
Diclidopteris,Pteridaceae
Dictyogramme,Pteridaceae
Dyctiogramme,Pteridaceae
Ellobocarpus,Pteridaceae
Eriochasma,Pteridaceae
Eriosonia,Pteridaceae
Eriosorus,Pteridaceae
Gymnogramma,Pteridaceae
Hemionanthes,Pteridaceae
Hemipteris,Pteridaceae
Heterophlebium,Pteridaceae
Holcochlaena,Pteridaceae
Holttumia,Pteridaceae
Holttumiella,Pteridaceae
Idiogramma,Pteridaceae
Idiopteris,Pteridaceae
Lathyropteris,Pteridaceae
Lemapteris,Pteridaceae
Leptolepidium,Pteridaceae
Leptostegia,Pteridaceae
Litobrochia,Pteridaceae
Monogonia,Pteridaceae
Monogramma,Pteridaceae
Negripteris,Pteridaceae
Nephopteris,Pteridaceae
Nesoris,Pteridaceae
Neurocallis,Pteridaceae
Neurogramma,Pteridaceae
Neurosoria,Pteridaceae
Nevrocallis,Pteridaceae
Notogramme,Pteridaceae
Ochropteris,Pteridaceae
Paraceterach,Pteridaceae
Parahemionitis,Pteridaceae
Parkeria,Pteridaceae
Pellaeopsis,Pteridaceae
Peripteris,Pteridaceae
Phorolobus,Pteridaceae
Pityromeria,Pteridaceae
Platyloma,Pteridaceae
Pleurofossa,Pteridaceae
Pomataphytum,Pteridaceae
Pomatophytum,Pteridaceae
Psilogramme,Pteridaceae
Pteridanetium,Pteridaceae
Pteridella,Pteridaceae
Pycnodoria,Pteridaceae
Saffordia,Pteridaceae
Schizogramma,Pteridaceae
Schizolepton,Pteridaceae
Schizostege,Pteridaceae
Schizostegeopsis,Pteridaceae
Sinopteris,Pteridaceae
Syngrammatopsis,Pteridaceae
Synochlamys,Pteridaceae
Taeniopsis,Pteridaceae
Taeniopteris,Pteridaceae
Teleozoma,Pteridaceae
Thelipteris,Pteridaceae
Toxopteris,Pteridaceae
Trichiogramme,Pteridaceae
Trismeria,Pteridaceae
Tryonella,Pteridaceae
Vaginopteris,Pteridaceae
Cystodiopteris,Saccolomataceae
Ithycaulon,Saccolomataceae
Neuropteris,Saccolomataceae
Carpanthus,Salviniaceae
Marsilaea,Salviniaceae
Rhizosperma,Salviniaceae
Lophidium,Schizaeaceae
Microschizaea,Schizaeaceae
Bryodesma,Selaginellaceae
Didiclis,Selaginellaceae
Diplostachyum,Selaginellaceae
Gymnogynum,Selaginellaceae
Heterophyllium,Selaginellaceae
Hypopterygiopsis,Selaginellaceae
Lycopodioides,Selaginellaceae
Lycopodion,Selaginellaceae
Mirmau,Selaginellaceae
Polycocca,Selaginellaceae
Selaginoides,Selaginellaceae
Stachygynandrum,Selaginellaceae
Trispermium,Selaginellaceae
Aenigmopteris,Tectariaceae
Amphiblestra,Tectariaceae
Arcypteris,Tectariaceae
Aspidium,Tectariaceae
Bathmium,Tectariaceae
Camptodium,Tectariaceae
Cardiochlaena,Tectariaceae
Chlamydogramme,Tectariaceae
Cionidium,Tectariaceae
Ctenitopsis,Tectariaceae
Dictyopteris,Tectariaceae
Dictyoxiphium,Tectariaceae
Dryomenis,Tectariaceae
Fadyenia,Tectariaceae
Grammatosorus,Tectariaceae
Hemigramma,Tectariaceae
Heterogonium,Tectariaceae
Lenda,Tectariaceae
Luerssenia,Tectariaceae
Microbrochis,Tectariaceae
Phlebiogonium,Tectariaceae
Pleuroderris,Tectariaceae
Podopeltis,Tectariaceae
Psammiosorus,Tectariaceae
Pseudotectaria,Tectariaceae
Psomiocarpa,Tectariaceae
Quercifilix,Tectariaceae
Sagenia,Tectariaceae
Sagenopteris,Tectariaceae
Stenosemia,Tectariaceae
Tectaridium,Tectariaceae
Trichiocarpa,Tectariaceae
Wagneriopteris,Tectariaceae
Abacopteris,Thelypteridaceae
Amphineuron,Thelypteridaceae
Craspedosorus,Thelypteridaceae
Dictyocline,Thelypteridaceae
Dimorphopteris,Thelypteridaceae
Glaphyropteris,Thelypteridaceae
Haplodictyum,Thelypteridaceae
Hemestheum,Thelypteridaceae
Lastrea,Thelypteridaceae
Lastrella,Thelypteridaceae
Leptogramma,Thelypteridaceae
Mesochlaena,Thelypteridaceae
Mesoneuron,Thelypteridaceae
Oochlamys,Thelypteridaceae
Proferea,Thelypteridaceae
Pseudophegopteris,Thelypteridaceae
Toppingia,Thelypteridaceae
Asplenicystopteris,Woodsiaceae
Cheilanthopsis,Woodsiaceae
Cornoathyrium,Woodsiaceae
Cystocarpium,Woodsiaceae
Depazium,Woodsiaceae
Eriosoriopsis,Woodsiaceae
Hymenocystis,Woodsiaceae
Neotribleparia,Woodsiaceae
Protowoodsia,Woodsiaceae
Trichocyclus,Woodsiaceae
Grypothrix,Thelypteridaceae
Hoiokula,Thelypteridaceae
Menisciopsis,Thelypteridaceae
Osmunasium,Osmundaceae
Pakau,Thelypteridaceae
Pelazoneuron,Thelypteridaceae
Reholttumia,Thelypteridaceae
Strophocaulon,Thelypteridaceae
Asplenoceterach,Aspleniaceae
Asplenosorus,Aspleniaceae
Eriosonia,Pteridaceae
Pityromeria,Pteridaceae
Bernhardia,Psilotaceae
Cincinalis,Dennstaedtiaceae
Diplo?n,Blechnaceae
Fourniera,Cyatheaceae
Gymnopteris,Pteridaceae
Heteropteris,Pteridaceae
Hewardia,Pteridaceae
Jenkinsia,Dryopteridaceae
Oetosis,Polypodiaceae
Ornithopteris,Anemiaceae
Platytaenia,Pteridaceae
Wibelia,Davalliaceae
